epoch,time,train/box_loss,train/cls_loss,train/dfl_loss,metrics/precision(B),metrics/recall(B),metrics/mAP50(B),metrics/mAP50-95(B),val/box_loss,val/cls_loss,val/dfl_loss,lr/pg0,lr/pg1,lr/pg2,lr/pg3,lr/pg4,lr/pg5,lr/pg6,lr/pg7
1,97.969,1.49823,2.15692,1.35369,0.82799,0.76418,0.83413,0.48088,1.39075,1.66418,1.22432,0.00997067,0.00332356,0.00997067,0.00332356,0.00997067,0.00332356,0.00997067,0.00332356
2,188.767,1.40284,1.39379,1.28644,0.8155,0.80197,0.83833,0.49304,1.34935,1.43944,1.25249,0.019773,0.00659099,0.019773,0.00659099,0.019773,0.00659099,0.019773,0.00659099
3,269.028,1.45588,1.30779,1.34147,0.75009,0.69267,0.7303,0.41581,1.54046,1.42251,1.42935,0.0293773,0.00979242,0.0293773,0.00979242,0.0293773,0.00979242,0.0293773,0.00979242
4,350.6,1.4945,1.27902,1.39081,0.78588,0.76644,0.81603,0.4825,1.38519,1.03701,1.28836,0.029109,0.009703,0.029109,0.009703,0.029109,0.009703,0.029109,0.009703
5,431.492,1.41235,1.15683,1.35415,0.81132,0.76584,0.83063,0.49909,1.33907,0.96448,1.24859,0.028812,0.009604,0.028812,0.009604,0.028812,0.009604,0.028812,0.009604
6,514.262,1.3693,1.09155,1.32647,0.86319,0.85277,0.89153,0.56768,1.22957,0.8489,1.19892,0.028515,0.009505,0.028515,0.009505,0.028515,0.009505,0.028515,0.009505
7,594.51,1.33139,1.03512,1.30707,0.8824,0.85493,0.90006,0.58941,1.19531,0.74891,1.18537,0.028218,0.009406,0.028218,0.009406,0.028218,0.009406,0.028218,0.009406
8,675.976,1.29573,0.9864,1.2895,0.89958,0.8619,0.91097,0.61484,1.16604,0.72371,1.17002,0.027921,0.009307,0.027921,0.009307,0.027921,0.009307,0.027921,0.009307
9,755.255,1.27152,0.95335,1.27461,0.88452,0.85428,0.9025,0.59991,1.18524,0.74611,1.19864,0.027624,0.009208,0.027624,0.009208,0.027624,0.009208,0.027624,0.009208
10,835.973,1.24415,0.926,1.25928,0.89509,0.87781,0.92106,0.62593,1.14024,0.70357,1.16115,0.027327,0.009109,0.027327,0.009109,0.027327,0.009109,0.027327,0.009109
11,917.933,1.22708,0.89848,1.25149,0.88126,0.89566,0.92397,0.63486,1.11236,0.67141,1.15121,0.02703,0.00901,0.02703,0.00901,0.02703,0.00901,0.02703,0.00901
12,998.139,1.21435,0.8879,1.24807,0.91361,0.86914,0.91601,0.62174,1.13418,0.69595,1.1572,0.026733,0.008911,0.026733,0.008911,0.026733,0.008911,0.026733,0.008911
13,1079.14,1.2028,0.87427,1.23717,0.89037,0.90821,0.93192,0.64912,1.07678,0.63107,1.13083,0.026436,0.008812,0.026436,0.008812,0.026436,0.008812,0.026436,0.008812
14,1159.75,1.19357,0.86431,1.23693,0.89967,0.90968,0.93295,0.64352,1.09573,0.6329,1.137,0.026139,0.008713,0.026139,0.008713,0.026139,0.008713,0.026139,0.008713
15,1241.18,1.17333,0.84617,1.2296,0.91431,0.9023,0.92648,0.63977,1.08984,0.61643,1.12918,0.025842,0.008614,0.025842,0.008614,0.025842,0.008614,0.025842,0.008614
16,1321.74,1.1696,0.83163,1.22225,0.90451,0.91012,0.92959,0.65222,1.06885,0.61235,1.13065,0.025545,0.008515,0.025545,0.008515,0.025545,0.008515,0.025545,0.008515
17,1402.98,1.16254,0.81623,1.21582,0.9186,0.90461,0.93654,0.65859,1.06267,0.59182,1.11379,0.025248,0.008416,0.025248,0.008416,0.025248,0.008416,0.025248,0.008416
18,1482.42,1.14426,0.8117,1.20874,0.91102,0.9092,0.9401,0.65987,1.05486,0.5884,1.11302,0.024951,0.008317,0.024951,0.008317,0.024951,0.008317,0.024951,0.008317
19,1563.37,1.12878,0.78788,1.1978,0.91171,0.91651,0.93783,0.67014,1.04724,0.57257,1.11433,0.024654,0.008218,0.024654,0.008218,0.024654,0.008218,0.024654,0.008218
20,1643.3,1.12001,0.78599,1.19197,0.91626,0.91876,0.94135,0.67167,1.03501,0.56469,1.09837,0.024357,0.008119,0.024357,0.008119,0.024357,0.008119,0.024357,0.008119
21,1724.31,1.1175,0.78088,1.19285,0.9278,0.90318,0.94059,0.67469,1.03345,0.56795,1.10211,0.02406,0.00802,0.02406,0.00802,0.02406,0.00802,0.02406,0.00802
22,1804.62,1.10314,0.75939,1.18364,0.91725,0.91331,0.93977,0.67412,1.03836,0.56391,1.10611,0.023763,0.007921,0.023763,0.007921,0.023763,0.007921,0.023763,0.007921
23,1885.21,1.10398,0.76364,1.1838,0.9235,0.9127,0.94207,0.67801,1.03231,0.54903,1.10621,0.023466,0.007822,0.023466,0.007822,0.023466,0.007822,0.023466,0.007822
24,1966.5,1.09955,0.75558,1.18115,0.9276,0.91227,0.93899,0.67964,1.02477,0.54274,1.0894,0.023169,0.007723,0.023169,0.007723,0.023169,0.007723,0.023169,0.007723
25,2047.34,1.08512,0.74352,1.17139,0.92934,0.92155,0.94639,0.68839,1.00641,0.53199,1.08816,0.022872,0.007624,0.022872,0.007624,0.022872,0.007624,0.022872,0.007624
26,2128.95,1.08231,0.73778,1.17029,0.92714,0.91997,0.9483,0.69157,1.00334,0.53681,1.09258,0.022575,0.007525,0.022575,0.007525,0.022575,0.007525,0.022575,0.007525
27,2209.49,1.07866,0.73199,1.16723,0.93819,0.91343,0.94845,0.68608,1.00201,0.53026,1.08866,0.022278,0.007426,0.022278,0.007426,0.022278,0.007426,0.022278,0.007426
28,2290.77,1.07504,0.73166,1.16551,0.93867,0.92173,0.9545,0.69662,0.99359,0.51269,1.08235,0.021981,0.007327,0.021981,0.007327,0.021981,0.007327,0.021981,0.007327
29,2372.51,1.06814,0.72098,1.16127,0.93528,0.91837,0.95096,0.69324,1.00452,0.51265,1.09288,0.021684,0.007228,0.021684,0.007228,0.021684,0.007228,0.021684,0.007228
30,2452.5,1.05575,0.71546,1.15944,0.92928,0.9201,0.94781,0.6936,0.99597,0.50931,1.08434,0.021387,0.007129,0.021387,0.007129,0.021387,0.007129,0.021387,0.007129
31,2535.1,1.0529,0.71155,1.15572,0.93151,0.91887,0.95254,0.6929,0.98973,0.50989,1.0865,0.02109,0.00703,0.02109,0.00703,0.02109,0.00703,0.02109,0.00703
32,2615.54,1.04803,0.7041,1.15422,0.92639,0.93295,0.95512,0.69906,0.98557,0.50217,1.07704,0.020793,0.006931,0.020793,0.006931,0.020793,0.006931,0.020793,0.006931
33,2697.24,1.04553,0.70621,1.15226,0.92694,0.92813,0.9517,0.70049,0.98139,0.50139,1.08485,0.020496,0.006832,0.020496,0.006832,0.020496,0.006832,0.020496,0.006832
34,2777.48,1.02976,0.69441,1.14397,0.93908,0.91826,0.95188,0.70258,0.97394,0.49816,1.07325,0.020199,0.006733,0.020199,0.006733,0.020199,0.006733,0.020199,0.006733
35,2859.7,1.03268,0.69107,1.15002,0.92852,0.92938,0.95422,0.70555,0.96822,0.49199,1.07821,0.019902,0.006634,0.019902,0.006634,0.019902,0.006634,0.019902,0.006634
36,2940.6,1.02983,0.69256,1.14408,0.93413,0.92636,0.95618,0.70764,0.96633,0.48674,1.07485,0.019605,0.006535,0.019605,0.006535,0.019605,0.006535,0.019605,0.006535
37,3021.97,1.02476,0.68424,1.13956,0.93367,0.92888,0.95649,0.71005,0.95957,0.48343,1.06333,0.019308,0.006436,0.019308,0.006436,0.019308,0.006436,0.019308,0.006436
38,3102.16,1.01651,0.67631,1.13799,0.92888,0.92901,0.95019,0.71165,0.95084,0.48533,1.06556,0.019011,0.006337,0.019011,0.006337,0.019011,0.006337,0.019011,0.006337
39,3182.85,1.01051,0.67279,1.13497,0.93465,0.92755,0.95797,0.71418,0.95555,0.47784,1.06779,0.018714,0.006238,0.018714,0.006238,0.018714,0.006238,0.018714,0.006238
40,3262.94,1.00873,0.66675,1.1322,0.93479,0.92622,0.95673,0.71448,0.95253,0.47652,1.06482,0.018417,0.006139,0.018417,0.006139,0.018417,0.006139,0.018417,0.006139
41,3343.98,1.00553,0.66254,1.13009,0.93452,0.92661,0.95791,0.71474,0.94567,0.47125,1.06529,0.01812,0.00604,0.01812,0.00604,0.01812,0.00604,0.01812,0.00604
42,3425.01,0.9997,0.66392,1.12678,0.93392,0.92254,0.95769,0.7204,0.94164,0.47544,1.06301,0.017823,0.005941,0.017823,0.005941,0.017823,0.005941,0.017823,0.005941
43,3504.95,0.99354,0.65159,1.12462,0.93274,0.93224,0.95788,0.71732,0.9338,0.46464,1.05831,0.017526,0.005842,0.017526,0.005842,0.017526,0.005842,0.017526,0.005842
44,3585.58,0.99013,0.6545,1.12106,0.93306,0.93739,0.95804,0.71921,0.94228,0.45958,1.05811,0.017229,0.005743,0.017229,0.005743,0.017229,0.005743,0.017229,0.005743
45,3666.28,0.98521,0.64817,1.12045,0.93669,0.93126,0.96224,0.71916,0.94703,0.4581,1.05762,0.016932,0.005644,0.016932,0.005644,0.016932,0.005644,0.016932,0.005644
46,3747.03,0.9886,0.64138,1.12104,0.934,0.92696,0.96026,0.72055,0.93919,0.45836,1.05557,0.016635,0.005545,0.016635,0.005545,0.016635,0.005545,0.016635,0.005545
47,3827.09,0.98182,0.64039,1.11493,0.94202,0.92877,0.961,0.72264,0.93065,0.45572,1.04803,0.016338,0.005446,0.016338,0.005446,0.016338,0.005446,0.016338,0.005446
48,3907.8,0.97425,0.64032,1.11458,0.93845,0.92463,0.96103,0.72478,0.93388,0.45681,1.05819,0.016041,0.005347,0.016041,0.005347,0.016041,0.005347,0.016041,0.005347
49,3988.82,0.97144,0.63475,1.11385,0.92984,0.93868,0.96184,0.72216,0.93595,0.45166,1.05874,0.015744,0.005248,0.015744,0.005248,0.015744,0.005248,0.015744,0.005248
50,4070.37,0.96459,0.62517,1.11051,0.93728,0.93348,0.96504,0.72448,0.93509,0.44926,1.05574,0.015447,0.005149,0.015447,0.005149,0.015447,0.005149,0.015447,0.005149
51,4151.05,0.95807,0.62709,1.10509,0.9352,0.93482,0.96459,0.72696,0.93242,0.4459,1.05303,0.01515,0.00505,0.01515,0.00505,0.01515,0.00505,0.01515,0.00505
52,4231.63,0.95244,0.61675,1.10048,0.93731,0.93143,0.96133,0.7254,0.92923,0.44688,1.0539,0.014853,0.004951,0.014853,0.004951,0.014853,0.004951,0.014853,0.004951
53,4311.93,0.95701,0.61832,1.10435,0.94635,0.93104,0.96179,0.72473,0.93252,0.4433,1.05351,0.014556,0.004852,0.014556,0.004852,0.014556,0.004852,0.014556,0.004852
54,4391.55,0.95521,0.61288,1.10524,0.94876,0.93151,0.96203,0.72632,0.92815,0.44036,1.05246,0.014259,0.004753,0.014259,0.004753,0.014259,0.004753,0.014259,0.004753
55,4472.9,0.94251,0.60886,1.09819,0.94348,0.93327,0.96218,0.72886,0.92565,0.4382,1.05102,0.013962,0.004654,0.013962,0.004654,0.013962,0.004654,0.013962,0.004654
56,4553.24,0.94051,0.60121,1.09414,0.93976,0.93804,0.96114,0.72861,0.92456,0.4373,1.04565,0.013665,0.004555,0.013665,0.004555,0.013665,0.004555,0.013665,0.004555
57,4634.07,0.9477,0.61136,1.09711,0.9376,0.94165,0.96122,0.72711,0.92547,0.43704,1.0452,0.013368,0.004456,0.013368,0.004456,0.013368,0.004456,0.013368,0.004456
58,4714.6,0.93602,0.59771,1.09514,0.93737,0.93751,0.9631,0.72689,0.92517,0.43507,1.04802,0.013071,0.004357,0.013071,0.004357,0.013071,0.004357,0.013071,0.004357
59,4795.57,0.93078,0.59501,1.09046,0.93968,0.93797,0.96209,0.7285,0.92094,0.43655,1.04753,0.012774,0.004258,0.012774,0.004258,0.012774,0.004258,0.012774,0.004258
60,4875.47,0.93427,0.59316,1.09103,0.94223,0.93736,0.96133,0.72823,0.91983,0.43318,1.04536,0.012477,0.004159,0.012477,0.004159,0.012477,0.004159,0.012477,0.004159
61,4956.24,0.92336,0.58772,1.08569,0.94256,0.9329,0.96135,0.72816,0.91463,0.43104,1.04341,0.01218,0.00406,0.01218,0.00406,0.01218,0.00406,0.01218,0.00406
62,5036.82,0.92621,0.58772,1.0875,0.94483,0.9329,0.96193,0.72976,0.91581,0.42787,1.04383,0.011883,0.003961,0.011883,0.003961,0.011883,0.003961,0.011883,0.003961
63,5117.45,0.91717,0.58074,1.08835,0.94327,0.936,0.9627,0.73052,0.91527,0.42569,1.0451,0.011586,0.003862,0.011586,0.003862,0.011586,0.003862,0.011586,0.003862
64,5199.2,0.91856,0.58159,1.08706,0.9469,0.93188,0.9626,0.73037,0.91352,0.42616,1.04497,0.011289,0.003763,0.011289,0.003763,0.011289,0.003763,0.011289,0.003763
65,5280.17,0.90531,0.57306,1.08186,0.94423,0.92876,0.96205,0.73184,0.91032,0.42601,1.04388,0.010992,0.003664,0.010992,0.003664,0.010992,0.003664,0.010992,0.003664
66,5361.62,0.90809,0.56816,1.07637,0.93713,0.9345,0.96354,0.73334,0.9086,0.42414,1.04044,0.010695,0.003565,0.010695,0.003565,0.010695,0.003565,0.010695,0.003565
67,5442.3,0.91023,0.57592,1.08184,0.94217,0.92986,0.96203,0.73556,0.90575,0.42297,1.03976,0.010398,0.003466,0.010398,0.003466,0.010398,0.003466,0.010398,0.003466
68,5524.06,0.90335,0.56945,1.07642,0.93963,0.93227,0.96337,0.73523,0.90415,0.42284,1.03874,0.010101,0.003367,0.010101,0.003367,0.010101,0.003367,0.010101,0.003367
69,5604.7,0.89242,0.5615,1.0732,0.9411,0.9308,0.9619,0.73332,0.90453,0.42289,1.03912,0.009804,0.003268,0.009804,0.003268,0.009804,0.003268,0.009804,0.003268
70,5685.94,0.88815,0.55548,1.07139,0.94359,0.92988,0.96124,0.73329,0.90405,0.42143,1.03875,0.009507,0.003169,0.009507,0.003169,0.009507,0.003169,0.009507,0.003169
71,5768.16,0.89423,0.55529,1.0738,0.94708,0.92927,0.96132,0.73262,0.90463,0.41922,1.03873,0.00921,0.00307,0.00921,0.00307,0.00921,0.00307,0.00921,0.00307
72,5850.88,0.88135,0.55181,1.06785,0.94333,0.93131,0.9611,0.73315,0.90348,0.41758,1.03782,0.008913,0.002971,0.008913,0.002971,0.008913,0.002971,0.008913,0.002971
73,5932.19,0.87743,0.54188,1.06156,0.94311,0.93248,0.9614,0.7327,0.90218,0.41557,1.03632,0.008616,0.002872,0.008616,0.002872,0.008616,0.002872,0.008616,0.002872
74,6013.01,0.87885,0.54298,1.06678,0.94334,0.93206,0.96181,0.73256,0.90315,0.41487,1.03715,0.008319,0.002773,0.008319,0.002773,0.008319,0.002773,0.008319,0.002773
75,6094.89,0.87514,0.54542,1.06429,0.94186,0.9317,0.96209,0.73248,0.90392,0.41423,1.03673,0.008022,0.002674,0.008022,0.002674,0.008022,0.002674,0.008022,0.002674
76,6175.36,0.86664,0.537,1.0618,0.94397,0.93012,0.96221,0.73351,0.9031,0.41256,1.03692,0.007725,0.002575,0.007725,0.002575,0.007725,0.002575,0.007725,0.002575
77,6256.11,0.8702,0.53135,1.06262,0.94467,0.9321,0.9623,0.73289,0.90152,0.41256,1.03607,0.007428,0.002476,0.007428,0.002476,0.007428,0.002476,0.007428,0.002476
78,6337.9,0.86915,0.5324,1.06191,0.94591,0.93203,0.96187,0.73295,0.90153,0.41239,1.03686,0.007131,0.002377,0.007131,0.002377,0.007131,0.002377,0.007131,0.002377
79,6418.94,0.86412,0.52724,1.05947,0.94762,0.93216,0.96155,0.73328,0.90057,0.41356,1.03698,0.006834,0.002278,0.006834,0.002278,0.006834,0.002278,0.006834,0.002278
80,6500.67,0.8554,0.52522,1.05719,0.94673,0.93183,0.96217,0.73362,0.89984,0.41325,1.03709,0.006537,0.002179,0.006537,0.002179,0.006537,0.002179,0.006537,0.002179
81,6582.85,0.852,0.52175,1.05283,0.94765,0.9271,0.96188,0.7351,0.89893,0.41217,1.03675,0.00624,0.00208,0.00624,0.00208,0.00624,0.00208,0.00624,0.00208
82,6665.19,0.84592,0.51599,1.05103,0.94612,0.93169,0.96263,0.73586,0.89855,0.41115,1.0371,0.005943,0.001981,0.005943,0.001981,0.005943,0.001981,0.005943,0.001981
83,6746.33,0.84479,0.5142,1.04937,0.94534,0.93246,0.96232,0.7355,0.89898,0.4109,1.03766,0.005646,0.001882,0.005646,0.001882,0.005646,0.001882,0.005646,0.001882
84,6827.58,0.8427,0.51454,1.04819,0.94354,0.93493,0.96235,0.73604,0.8991,0.41004,1.03738,0.005349,0.001783,0.005349,0.001783,0.005349,0.001783,0.005349,0.001783
85,6909.97,0.83522,0.5088,1.04541,0.94428,0.93391,0.96218,0.73542,0.8986,0.4093,1.03677,0.005052,0.001684,0.005052,0.001684,0.005052,0.001684,0.005052,0.001684
86,6991.2,0.8406,0.50921,1.04534,0.9451,0.93362,0.96208,0.7352,0.89844,0.40904,1.0364,0.004755,0.001585,0.004755,0.001585,0.004755,0.001585,0.004755,0.001585
87,7072.55,0.83603,0.50707,1.04685,0.94559,0.93445,0.96176,0.7347,0.89822,0.40871,1.03587,0.004458,0.001486,0.004458,0.001486,0.004458,0.001486,0.004458,0.001486
88,7153.46,0.82676,0.5016,1.04066,0.94915,0.93111,0.96232,0.73453,0.89766,0.4078,1.0356,0.004161,0.001387,0.004161,0.001387,0.004161,0.001387,0.004161,0.001387
89,7234.83,0.82076,0.49621,1.03694,0.94714,0.93228,0.96254,0.73475,0.89731,0.40771,1.03474,0.003864,0.001288,0.003864,0.001288,0.003864,0.001288,0.003864,0.001288
90,7315.31,0.81697,0.49301,1.04019,0.94714,0.933,0.96252,0.73498,0.89715,0.40746,1.03455,0.003567,0.001189,0.003567,0.001189,0.003567,0.001189,0.003567,0.001189
91,7397.07,0.76118,0.39876,0.99401,0.94758,0.93422,0.96247,0.73538,0.89737,0.40707,1.03418,0.00327,0.00109,0.00327,0.00109,0.00327,0.00109,0.00327,0.00109
92,7477.58,0.74411,0.39326,0.987,0.94836,0.93422,0.96262,0.73591,0.89638,0.40681,1.03366,0.002973,0.000991,0.002973,0.000991,0.002973,0.000991,0.002973,0.000991
93,7557.81,0.73624,0.38543,0.98337,0.94841,0.93514,0.9624,0.73602,0.89624,0.40644,1.03379,0.002676,0.000892,0.002676,0.000892,0.002676,0.000892,0.002676,0.000892
94,7638.82,0.73627,0.3814,0.98205,0.94836,0.93458,0.96246,0.73542,0.89543,0.40628,1.0334,0.002379,0.000793,0.002379,0.000793,0.002379,0.000793,0.002379,0.000793
95,7719.96,0.72102,0.3764,0.97726,0.94852,0.93369,0.96235,0.73506,0.89486,0.40649,1.03335,0.002082,0.000694,0.002082,0.000694,0.002082,0.000694,0.002082,0.000694
96,7801.92,0.71709,0.37149,0.97946,0.94911,0.9343,0.96065,0.7346,0.89446,0.40614,1.03349,0.001785,0.000595,0.001785,0.000595,0.001785,0.000595,0.001785,0.000595
97,7881.84,0.71785,0.37416,0.97733,0.94774,0.93468,0.96063,0.73559,0.89385,0.40605,1.03332,0.001488,0.000496,0.001488,0.000496,0.001488,0.000496,0.001488,0.000496
98,7963.01,0.70268,0.36582,0.97208,0.9471,0.93422,0.96068,0.73567,0.89313,0.40561,1.03343,0.001191,0.000397,0.001191,0.000397,0.001191,0.000397,0.001191,0.000397
99,8043.21,0.70144,0.36163,0.96852,0.94444,0.93521,0.96048,0.73551,0.89304,0.40521,1.03345,0.000894,0.000298,0.000894,0.000298,0.000894,0.000298,0.000894,0.000298
100,8125.11,0.69955,0.36246,0.9697,0.9451,0.93514,0.96066,0.7364,0.89288,0.40478,1.03351,0.000597,0.000199,0.000597,0.000199,0.000597,0.000199,0.000597,0.000199
